phone,source
0610000211,http://ineenontwerp.nl
13038930552,https://www.hugedomains.com/domain_profile.cfm?d=totaalgemak&e=com
0651631189,http://www.victri.nl/
+31010208868,http://www.rotterdam-rigging.nl
0102020117,https://www.vandendool.nl/
+36524606010,https://www.schneider-electric.us/en/work/services/energy-and-sustainability/energy-management-sustainability-services.jsp
255255255050,https://www.deltasafety.nl/
017451357106,http://www.pritec.nl/
14023233417,https://www.google.com/?gws_rd=ssl
0655851546,http://mbsta.nl
0102132027,https://bimbola.nl/
0655826463,http://rebus-info.nl
0652046375,http://d-web.nl
0102140600,http://www.executivetoday.nl/
0102152855,http://www.inloophuisdeboei.nl/
+31102152685,https://www.facebook.com/ProgrammaVanEijsdenProjectmanagement
+31736573333,http://www.vrij.nl/
0102136241,https://www.cls-trainingen.nl
290723001,http://www.supermaritime.com/
0880882688,http://www.fiberrevolution.nl/
+31653270812,http://www.nsc-nv.com/
